<?xml version="1.0" encoding="UTF-8" standalone="yes"?>
<addon id="script.program.androidyoutube-tv"
  name="Youtube TV"
  version="1.0" 
  provider-name="RonnieHD">
  <requires>
    <import addon="xbmc.python" version="2.1.0"/>
  </requires>
  <extension point="xbmc.python.script" library="addon.py">
  </extension>
  <extension point="xbmc.addon.metadata">
    <platform>android</platform>
    <summary lang="en">Youtube TV shortcut for Android</summary>
    <summary lang="es">Atajo de Youtube TV para Android</summary>
    <description lang="en">Launches youtube.com/tv link from a Browser on Android.  Can be added to the Home screen for quick access.</description>
	<description lang="es">Abre el enlace youtube.com/tv en un Navegador de Android.  Puede ser añadido a la pantalla inicial para un acceso rápido.</description>
  </extension>
</addon>
