<?xml version="1.0" encoding="UTF-8" standalone="yes"?>
<addon id="script.program.androidyoutube"
  name="Youtube"
  version="1.0" 
  provider-name="RonnieHD">
  <requires>
    <import addon="xbmc.python" version="2.1.0"/>
  </requires>
  <extension point="xbmc.python.script" library="addon.py">
  </extension>
  <extension point="xbmc.addon.metadata">
    <platform>android</platform>
    <summary lang="en">Youtube shortcut for Android</summary>
    <summary lang="es">Atajo de Youtube para Android</summary>
    <description lang="en">Launches the Youtube app on Android.  Can be added to the Home screen for quick access.</description>
	<description lang="es">Abre la app Youtube en Android.  Puede ser añadido a la pantalla inicial para un acceso rápido.</description>
  </extension>
</addon>
