<?xml version="1.0" encoding="UTF-8"?>
<window>
    <allowoverlay>no</allowoverlay>
    <zorder>1</zorder>
    <controls>
        <control type="group">
            <include>Animation_FadeIn</include>
            <include>Animation_FadeOut</include>
            <control type="group">

<!-- Ajout Control -->            
            <control type="image">
                    <width>1920</width>
                    <height>490</height>
                    <posx>0</posx>
                    <posy>0</posy>
            <texture colordiffuse="PosterBorder">common/script-lyrics.png</texture>
        </control>
<!-- Ajout Control -->         
        <control type="image">
                    <width>1920</width>
                    <height>490</height>
                    <posx>0</posx>
                    <posy>0</posy>
            <texture colordiffuse="PosterBorder">common/script-lyrics.png</texture>
        </control>
    
                <control type="group">
<!-- Modification Top -->                
                    <top>20</top>
<!-- Modification Bottom -->                     
                    <bottom>645</bottom>
                    <width>100%</width>
                    
                    <!-- ** Required ** Do not change <id> or <type> (Smooth scrolling list for lyrics) -->
                    <control type="list" id="110">
                        <left>100</left>
                        <right>100</right>
                        <top>0</top>
                        <bottom>0</bottom>
<!-- Modification Onleft -->                        
                        <onleft>back</onleft>
<!-- Modification Onright -->                         
                        <onright>back</onright>
                        <onup>110</onup>
                        <ondown>110</ondown>
                        <pagecontrol>111</pagecontrol>
                        <scrolltime>200</scrolltime>
                        <itemlayout height="100" width="1720">
                            <control type="label">
                                <width>100%</width>
                                <align>center</align>
                                <selectedcolor>$VAR[HighlightColor2]</selectedcolor>
                                <info>ListItem.Label</info>
<!-- Ajout Textcolor -->                                 
                                <textcolor>Selected</textcolor>
<!-- Modification Font -->                                
                                <font>Lyrics</font>
                            </control>
                        </itemlayout>
                        <focusedlayout height="100" width="1720">
                            <control type="label">
                                <width>100%</width>
                                <align>center</align>
                                <textcolor>$VAR[HighlightColor2]</textcolor>
                                <selectedcolor>$VAR[HighlightColor2]</selectedcolor>
                                <info>ListItem.Label</info>
<!-- Modification Font -->                                   
                                <font>Lyrics</font>
                            </control>
                        </focusedlayout>
                    </control>
                    <!-- ** Required ** Do not change <id> or <type> (Song Chooser if it gets it wrong) -->
                    <control type="list" id="120">
                        <left>100</left>
                        <right>100</right>
                        <top>SidePad</top>
                        <bottom>30</bottom>
                        <onleft>111</onleft>
                        <onright>111</onright>
                        <onup>110</onup>
                        <ondown>110</ondown>
                        <pagecontrol>111</pagecontrol>
                        <scrolltime>200</scrolltime>
                        <itemlayout height="50">
                            <control type="label">
                                <width>1720</width>
                                <selectedcolor>$VAR[HighlightColor2]</selectedcolor>
                                <info>ListItem.Label</info>
<!-- Ajout Textcolor -->                                  
                                <textcolor>Selected</textcolor>
                            </control>
                        </itemlayout>
                        <focusedlayout height="50">
                            <control type="label">
                                <width>1720</width>
                                <textcolor>$VAR[HighlightColor2]</textcolor>
                                <selectedcolor>$VAR[HighlightColor2]</selectedcolor>
                                <info>ListItem.Label</info>
                            </control>
                        </focusedlayout>
                    </control>
                    
                    <control type="label" id="200">
                        <description>Scraper label</description>
                        <visible>false</visible>
                    </control>
                
                </control>
              
            </control>
       
        </control>
    </controls>
</window>
